alpha,time,generated,suboptimality,optimal
0.05,0.052134573459625244,26935.0,-0.9057492931196984,1.0
0.95,0.05228176712989807,26935.0,-0.9057492931196984,1.0
MD,0.051656574010849,26935.0,-0.9057492931196984,1.0
N/A,0.05437713861465454,26935.0,-0.9057492884071631,1.0
