alpha,time,generated,suboptimality,optimal
0.05,0.07929155230522156,26935.0,-0.9057492931196984,1.0
0.95,0.08329486846923828,26935.0,-0.9057492931196984,1.0
MD,0.05130055546760559,26935.0,-0.9057492931196984,1.0
N/A,0.055082887411117554,26935.0,-0.9057492884071631,1.0
