alpha,time,generated,suboptimality,optimal
0.05,0.0516228973865509,26935.0,-0.9057492931196984,1.0
0.95,0.05226770043373108,26935.0,-0.9057492931196984,1.0
MD,0.05135348439216614,26935.0,-0.9057492931196984,1.0
N/A,0.053302645683288574,26935.0,-0.9057492884071631,1.0
