alpha,time,generated,suboptimality,optimal
0.05,0.05112990736961365,26935.0,-0.9057492931196984,1.0
0.95,0.05188503861427307,26935.0,-0.9057492931196984,1.0
MD,0.0515618622303009,26935.0,-0.9057492931196984,1.0
N/A,0.05351024866104126,26935.0,-0.9057492884071631,1.0
